Name;Email;Phone;Date;Comment
User 0;USER0@EXAMPLE.COM;+7 999 120 40 60;1-1-2020;"TEXT;;;BROKEN"""""""
User 1;broken_email@@mail;000;32/13/9999;"TEXT;;;BROKEN"""""""
User 2;USER2@EXAMPLE.COM;000;32/13/9999;"TEXT;;;BROKEN"""""""
User 3;broken_email@@mail;+7 999 123 43 63;32/13/9999;"TEXT;;;BROKEN"""""""
User 4;USER4@EXAMPLE.COM;000;5-5-2021;"TEXT;;;BROKEN"""""""
User 5;broken_email@@mail;000;32/13/9999;"TEXT;;;BROKEN"""""""
User 6;USER6@EXAMPLE.COM;+7 999 126 46 66;32/13/9999;"TEXT;;;BROKEN"""""""
User 7;broken_email@@mail;000;32/13/9999;"TEXT;;;BROKEN"""""""
User 8;USER8@EXAMPLE.COM;000;9-9-2022;"TEXT;;;BROKEN"""""""
User 9;broken_email@@mail;+7 999 129 49 69;32/13/9999;"TEXT;;;BROKEN"""""""
User 10;USER10@EXAMPLE.COM;000;32/13/9999;"TEXT;;;BROKEN"""""""
User 11;broken_email@@mail;000;32/13/9999;"TEXT;;;BROKEN"""""""
User 12;USER12@EXAMPLE.COM;+7 999 122 42 62;13-1-2020;"TEXT;;;BROKEN"""""""
User 13;broken_email@@mail;000;32/13/9999;"TEXT;;;BROKEN"""""""
User 14;USER14@EXAMPLE.COM;000;32/13/9999;"TEXT;;;BROKEN"""""""
User 15;broken_email@@mail;+7 999 125 45 65;32/13/9999;"TEXT;;;BROKEN"""""""
User 16;USER16@EXAMPLE.COM;000;17-5-2021;"TEXT;;;BROKEN"""""""
User 17;broken_email@@mail;000;32/13/9999;"TEXT;;;BROKEN"""""""
User 18;USER18@EXAMPLE.COM;+7 999 128 48 68;32/13/9999;"TEXT;;;BROKEN"""""""
User 19;broken_email@@mail;000;32/13/9999;"TEXT;;;BROKEN"""""""
User 20;USER20@EXAMPLE.COM;000;21-9-2022;"TEXT;;;BROKEN"""""""
User 21;broken_email@@mail;+7 999 121 41 61;32/13/9999;"TEXT;;;BROKEN"""""""
User 22;USER22@EXAMPLE.COM;000;32/13/9999;"TEXT;;;BROKEN"""""""
User 23;broken_email@@mail;000;32/13/9999;"TEXT;;;BROKEN"""""""
User 24;USER24@EXAMPLE.COM;+7 999 124 44 64;25-1-2020;"TEXT;;;BROKEN"""""""
User 25;broken_email@@mail;000;32/13/9999;"TEXT;;;BROKEN"""""""
User 26;USER26@EXAMPLE.COM;000;32/13/9999;"TEXT;;;BROKEN"""""""
User 27;broken_email@@mail;+7 999 127 47 67;32/13/9999;"TEXT;;;BROKEN"""""""
User 28;USER28@EXAMPLE.COM;000;29-5-2021;"TEXT;;;BROKEN"""""""
User 29;broken_email@@mail;000;32/13/9999;"TEXT;;;BROKEN"""""""
User 30;USER30@EXAMPLE.COM;+7 999 120 40 60;32/13/9999;"TEXT;;;BROKEN"""""""
User 31;broken_email@@mail;000;32/13/9999;"TEXT;;;BROKEN"""""""
User 32;USER32@EXAMPLE.COM;000;2-9-2022;"TEXT;;;BROKEN"""""""
User 33;broken_email@@mail;+7 999 123 43 63;32/13/9999;"TEXT;;;BROKEN"""""""
User 34;USER34@EXAMPLE.COM;000;32/13/9999;"TEXT;;;BROKEN"""""""
User 35;broken_email@@mail;000;32/13/9999;"TEXT;;;BROKEN"""""""
User 36;USER36@EXAMPLE.COM;+7 999 126 46 66;6-1-2020;"TEXT;;;BROKEN"""""""
User 37;broken_email@@mail;000;32/13/9999;"TEXT;;;BROKEN"""""""
User 38;USER38@EXAMPLE.COM;000;32/13/9999;"TEXT;;;BROKEN"""""""
User 39;broken_email@@mail;+7 999 129 49 69;32/13/9999;"TEXT;;;BROKEN"""""""
User 40;USER40@EXAMPLE.COM;000;10-5-2021;"TEXT;;;BROKEN"""""""
User 41;broken_email@@mail;000;32/13/9999;"TEXT;;;BROKEN"""""""
User 42;USER42@EXAMPLE.COM;+7 999 122 42 62;32/13/9999;"TEXT;;;BROKEN"""""""
User 43;broken_email@@mail;000;32/13/9999;"TEXT;;;BROKEN"""""""
User 44;USER44@EXAMPLE.COM;000;14-9-2022;"TEXT;;;BROKEN"""""""
User 45;broken_email@@mail;+7 999 125 45 65;32/13/9999;"TEXT;;;BROKEN"""""""
User 46;USER46@EXAMPLE.COM;000;32/13/9999;"TEXT;;;BROKEN"""""""
User 47;broken_email@@mail;000;32/13/9999;"TEXT;;;BROKEN"""""""
User 48;USER48@EXAMPLE.COM;+7 999 128 48 68;18-1-2020;"TEXT;;;BROKEN"""""""
User 49;broken_email@@mail;000;32/13/9999;"TEXT;;;BROKEN"""""""
User 50;USER50@EXAMPLE.COM;000;32/13/9999;"TEXT;;;BROKEN"""""""
User 51;broken_email@@mail;+7 999 121 41 61;32/13/9999;"TEXT;;;BROKEN"""""""
User 52;USER52@EXAMPLE.COM;000;22-5-2021;"TEXT;;;BROKEN"""""""
User 53;broken_email@@mail;000;32/13/9999;"TEXT;;;BROKEN"""""""
User 54;USER54@EXAMPLE.COM;+7 999 124 44 64;32/13/9999;"TEXT;;;BROKEN"""""""
User 55;broken_email@@mail;000;32/13/9999;"TEXT;;;BROKEN"""""""
User 56;USER56@EXAMPLE.COM;000;26-9-2022;"TEXT;;;BROKEN"""""""
User 57;broken_email@@mail;+7 999 127 47 67;32/13/9999;"TEXT;;;BROKEN"""""""
User 58;USER58@EXAMPLE.COM;000;32/13/9999;"TEXT;;;BROKEN"""""""
User 59;broken_email@@mail;000;32/13/9999;"TEXT;;;BROKEN"""""""
User 60;USER60@EXAMPLE.COM;+7 999 120 40 60;30-1-2020;"TEXT;;;BROKEN"""""""
User 61;broken_email@@mail;000;32/13/9999;"TEXT;;;BROKEN"""""""
User 62;USER62@EXAMPLE.COM;000;32/13/9999;"TEXT;;;BROKEN"""""""
User 63;broken_email@@mail;+7 999 123 43 63;32/13/9999;"TEXT;;;BROKEN"""""""
User 64;USER64@EXAMPLE.COM;000;3-5-2021;"TEXT;;;BROKEN"""""""
User 65;broken_email@@mail;000;32/13/9999;"TEXT;;;BROKEN"""""""
User 66;USER66@EXAMPLE.COM;+7 999 126 46 66;32/13/9999;"TEXT;;;BROKEN"""""""
User 67;broken_email@@mail;000;32/13/9999;"TEXT;;;BROKEN"""""""
User 68;USER68@EXAMPLE.COM;000;7-9-2022;"TEXT;;;BROKEN"""""""
User 69;broken_email@@mail;+7 999 129 49 69;32/13/9999;"TEXT;;;BROKEN"""""""
User 70;USER70@EXAMPLE.COM;000;32/13/9999;"TEXT;;;BROKEN"""""""
User 71;broken_email@@mail;000;32/13/9999;"TEXT;;;BROKEN"""""""
User 72;USER72@EXAMPLE.COM;+7 999 122 42 62;11-1-2020;"TEXT;;;BROKEN"""""""
User 73;broken_email@@mail;000;32/13/9999;"TEXT;;;BROKEN"""""""
User 74;USER74@EXAMPLE.COM;000;32/13/9999;"TEXT;;;BROKEN"""""""
User 75;broken_email@@mail;+7 999 125 45 65;32/13/9999;"TEXT;;;BROKEN"""""""
User 76;USER76@EXAMPLE.COM;000;15-5-2021;"TEXT;;;BROKEN"""""""
User 77;broken_email@@mail;000;32/13/9999;"TEXT;;;BROKEN"""""""
User 78;USER78@EXAMPLE.COM;+7 999 128 48 68;32/13/9999;"TEXT;;;BROKEN"""""""
User 79;broken_email@@mail;000;32/13/9999;"TEXT;;;BROKEN"""""""
User 80;USER80@EXAMPLE.COM;000;19-9-2022;"TEXT;;;BROKEN"""""""
User 81;broken_email@@mail;+7 999 121 41 61;32/13/9999;"TEXT;;;BROKEN"""""""
User 82;USER82@EXAMPLE.COM;000;32/13/9999;"TEXT;;;BROKEN"""""""
User 83;broken_email@@mail;000;32/13/9999;"TEXT;;;BROKEN"""""""
User 84;USER84@EXAMPLE.COM;+7 999 124 44 64;23-1-2020;"TEXT;;;BROKEN"""""""
User 85;broken_email@@mail;000;32/13/9999;"TEXT;;;BROKEN"""""""
User 86;USER86@EXAMPLE.COM;000;32/13/9999;"TEXT;;;BROKEN"""""""
User 87;broken_email@@mail;+7 999 127 47 67;32/13/9999;"TEXT;;;BROKEN"""""""
User 88;USER88@EXAMPLE.COM;000;27-5-2021;"TEXT;;;BROKEN"""""""
User 89;broken_email@@mail;000;32/13/9999;"TEXT;;;BROKEN"""""""
User 90;USER90@EXAMPLE.COM;+7 999 120 40 60;32/13/9999;"TEXT;;;BROKEN"""""""
User 91;broken_email@@mail;000;32/13/9999;"TEXT;;;BROKEN"""""""
User 92;USER92@EXAMPLE.COM;000;31-9-2022;"TEXT;;;BROKEN"""""""
User 93;broken_email@@mail;+7 999 123 43 63;32/13/9999;"TEXT;;;BROKEN"""""""
User 94;USER94@EXAMPLE.COM;000;32/13/9999;"TEXT;;;BROKEN"""""""
User 95;broken_email@@mail;000;32/13/9999;"TEXT;;;BROKEN"""""""
User 96;USER96@EXAMPLE.COM;+7 999 126 46 66;4-1-2020;"TEXT;;;BROKEN"""""""
User 97;broken_email@@mail;000;32/13/9999;"TEXT;;;BROKEN"""""""
User 98;USER98@EXAMPLE.COM;000;32/13/9999;"TEXT;;;BROKEN"""""""
User 99;broken_email@@mail;+7 999 129 49 69;32/13/9999;"TEXT;;;BROKEN"""""""
User 100;USER100@EXAMPLE.COM;000;8-5-2021;"TEXT;;;BROKEN"""""""
User 101;broken_email@@mail;000;32/13/9999;"TEXT;;;BROKEN"""""""
User 102;USER102@EXAMPLE.COM;+7 999 122 42 62;32/13/9999;"TEXT;;;BROKEN"""""""
User 103;broken_email@@mail;000;32/13/9999;"TEXT;;;BROKEN"""""""
User 104;USER104@EXAMPLE.COM;000;12-9-2022;"TEXT;;;BROKEN"""""""
User 105;broken_email@@mail;+7 999 125 45 65;32/13/9999;"TEXT;;;BROKEN"""""""
User 106;USER106@EXAMPLE.COM;000;32/13/9999;"TEXT;;;BROKEN"""""""
User 107;broken_email@@mail;000;32/13/9999;"TEXT;;;BROKEN"""""""
User 108;USER108@EXAMPLE.COM;+7 999 128 48 68;16-1-2020;"TEXT;;;BROKEN"""""""
User 109;broken_email@@mail;000;32/13/9999;"TEXT;;;BROKEN"""""""
User 110;USER110@EXAMPLE.COM;000;32/13/9999;"TEXT;;;BROKEN"""""""
User 111;broken_email@@mail;+7 999 121 41 61;32/13/9999;"TEXT;;;BROKEN"""""""
User 112;USER112@EXAMPLE.COM;000;20-5-2021;"TEXT;;;BROKEN"""""""
User 113;broken_email@@mail;000;32/13/9999;"TEXT;;;BROKEN"""""""
User 114;USER114@EXAMPLE.COM;+7 999 124 44 64;32/13/9999;"TEXT;;;BROKEN"""""""
User 115;broken_email@@mail;000;32/13/9999;"TEXT;;;BROKEN"""""""
User 116;USER116@EXAMPLE.COM;000;24-9-2022;"TEXT;;;BROKEN"""""""
User 117;broken_email@@mail;+7 999 127 47 67;32/13/9999;"TEXT;;;BROKEN"""""""
User 118;USER118@EXAMPLE.COM;000;32/13/9999;"TEXT;;;BROKEN"""""""
User 119;broken_email@@mail;000;32/13/9999;"TEXT;;;BROKEN"""""""
User 120;USER120@EXAMPLE.COM;+7 999 120 40 60;28-1-2020;"TEXT;;;BROKEN"""""""
User 121;broken_email@@mail;000;32/13/9999;"TEXT;;;BROKEN"""""""
User 122;USER122@EXAMPLE.COM;000;32/13/9999;"TEXT;;;BROKEN"""""""
User 123;broken_email@@mail;+7 999 123 43 63;32/13/9999;"TEXT;;;BROKEN"""""""
User 124;USER124@EXAMPLE.COM;000;1-5-2021;"TEXT;;;BROKEN"""""""
User 125;broken_email@@mail;000;32/13/9999;"TEXT;;;BROKEN"""""""
User 126;USER126@EXAMPLE.COM;+7 999 126 46 66;32/13/9999;"TEXT;;;BROKEN"""""""
User 127;broken_email@@mail;000;32/13/9999;"TEXT;;;BROKEN"""""""
User 128;USER128@EXAMPLE.COM;000;5-9-2022;"TEXT;;;BROKEN"""""""
User 129;broken_email@@mail;+7 999 129 49 69;32/13/9999;"TEXT;;;BROKEN"""""""
User 130;USER130@EXAMPLE.COM;000;32/13/9999;"TEXT;;;BROKEN"""""""
User 131;broken_email@@mail;000;32/13/9999;"TEXT;;;BROKEN"""""""
User 132;USER132@EXAMPLE.COM;+7 999 122 42 62;9-1-2020;"TEXT;;;BROKEN"""""""
User 133;broken_email@@mail;000;32/13/9999;"TEXT;;;BROKEN"""""""
User 134;USER134@EXAMPLE.COM;000;32/13/9999;"TEXT;;;BROKEN"""""""
User 135;broken_email@@mail;+7 999 125 45 65;32/13/9999;"TEXT;;;BROKEN"""""""
User 136;USER136@EXAMPLE.COM;000;13-5-2021;"TEXT;;;BROKEN"""""""
User 137;broken_email@@mail;000;32/13/9999;"TEXT;;;BROKEN"""""""
User 138;USER138@EXAMPLE.COM;+7 999 128 48 68;32/13/9999;"TEXT;;;BROKEN"""""""
User 139;broken_email@@mail;000;32/13/9999;"TEXT;;;BROKEN"""""""
User 140;USER140@EXAMPLE.COM;000;17-9-2022;"TEXT;;;BROKEN"""""""
User 141;broken_email@@mail;+7 999 121 41 61;32/13/9999;"TEXT;;;BROKEN"""""""
User 142;USER142@EXAMPLE.COM;000;32/13/9999;"TEXT;;;BROKEN"""""""
User 143;broken_email@@mail;000;32/13/9999;"TEXT;;;BROKEN"""""""
User 144;USER144@EXAMPLE.COM;+7 999 124 44 64;21-1-2020;"TEXT;;;BROKEN"""""""
User 145;broken_email@@mail;000;32/13/9999;"TEXT;;;BROKEN"""""""
User 146;USER146@EXAMPLE.COM;000;32/13/9999;"TEXT;;;BROKEN"""""""
User 147;broken_email@@mail;+7 999 127 47 67;32/13/9999;"TEXT;;;BROKEN"""""""
User 148;USER148@EXAMPLE.COM;000;25-5-2021;"TEXT;;;BROKEN"""""""
User 149;broken_email@@mail;000;32/13/9999;"TEXT;;;BROKEN"""""""
User 150;USER150@EXAMPLE.COM;+7 999 120 40 60;32/13/9999;"TEXT;;;BROKEN"""""""
User 151;broken_email@@mail;000;32/13/9999;"TEXT;;;BROKEN"""""""
User 152;USER152@EXAMPLE.COM;000;29-9-2022;"TEXT;;;BROKEN"""""""
User 153;broken_email@@mail;+7 999 123 43 63;32/13/9999;"TEXT;;;BROKEN"""""""
User 154;USER154@EXAMPLE.COM;000;32/13/9999;"TEXT;;;BROKEN"""""""
User 155;broken_email@@mail;000;32/13/9999;"TEXT;;;BROKEN"""""""
User 156;USER156@EXAMPLE.COM;+7 999 126 46 66;2-1-2020;"TEXT;;;BROKEN"""""""
User 157;broken_email@@mail;000;32/13/9999;"TEXT;;;BROKEN"""""""
User 158;USER158@EXAMPLE.COM;000;32/13/9999;"TEXT;;;BROKEN"""""""
User 159;broken_email@@mail;+7 999 129 49 69;32/13/9999;"TEXT;;;BROKEN"""""""
User 160;USER160@EXAMPLE.COM;000;6-5-2021;"TEXT;;;BROKEN"""""""
User 161;broken_email@@mail;000;32/13/9999;"TEXT;;;BROKEN"""""""
User 162;USER162@EXAMPLE.COM;+7 999 122 42 62;32/13/9999;"TEXT;;;BROKEN"""""""
User 163;broken_email@@mail;000;32/13/9999;"TEXT;;;BROKEN"""""""
User 164;USER164@EXAMPLE.COM;000;10-9-2022;"TEXT;;;BROKEN"""""""
User 165;broken_email@@mail;+7 999 125 45 65;32/13/9999;"TEXT;;;BROKEN"""""""
User 166;USER166@EXAMPLE.COM;000;32/13/9999;"TEXT;;;BROKEN"""""""
User 167;broken_email@@mail;000;32/13/9999;"TEXT;;;BROKEN"""""""
User 168;USER168@EXAMPLE.COM;+7 999 128 48 68;14-1-2020;"TEXT;;;BROKEN"""""""
User 169;broken_email@@mail;000;32/13/9999;"TEXT;;;BROKEN"""""""
User 170;USER170@EXAMPLE.COM;000;32/13/9999;"TEXT;;;BROKEN"""""""
User 171;broken_email@@mail;+7 999 121 41 61;32/13/9999;"TEXT;;;BROKEN"""""""
User 172;USER172@EXAMPLE.COM;000;18-5-2021;"TEXT;;;BROKEN"""""""
User 173;broken_email@@mail;000;32/13/9999;"TEXT;;;BROKEN"""""""
User 174;USER174@EXAMPLE.COM;+7 999 124 44 64;32/13/9999;"TEXT;;;BROKEN"""""""
User 175;broken_email@@mail;000;32/13/9999;"TEXT;;;BROKEN"""""""
User 176;USER176@EXAMPLE.COM;000;22-9-2022;"TEXT;;;BROKEN"""""""
User 177;broken_email@@mail;+7 999 127 47 67;32/13/9999;"TEXT;;;BROKEN"""""""
User 178;USER178@EXAMPLE.COM;000;32/13/9999;"TEXT;;;BROKEN"""""""
User 179;broken_email@@mail;000;32/13/9999;"TEXT;;;BROKEN"""""""
User 180;USER180@EXAMPLE.COM;+7 999 120 40 60;26-1-2020;"TEXT;;;BROKEN"""""""
User 181;broken_email@@mail;000;32/13/9999;"TEXT;;;BROKEN"""""""
User 182;USER182@EXAMPLE.COM;000;32/13/9999;"TEXT;;;BROKEN"""""""
User 183;broken_email@@mail;+7 999 123 43 63;32/13/9999;"TEXT;;;BROKEN"""""""
User 184;USER184@EXAMPLE.COM;000;30-5-2021;"TEXT;;;BROKEN"""""""
User 185;broken_email@@mail;000;32/13/9999;"TEXT;;;BROKEN"""""""
User 186;USER186@EXAMPLE.COM;+7 999 126 46 66;32/13/9999;"TEXT;;;BROKEN"""""""
User 187;broken_email@@mail;000;32/13/9999;"TEXT;;;BROKEN"""""""
User 188;USER188@EXAMPLE.COM;000;3-9-2022;"TEXT;;;BROKEN"""""""
User 189;broken_email@@mail;+7 999 129 49 69;32/13/9999;"TEXT;;;BROKEN"""""""
User 190;USER190@EXAMPLE.COM;000;32/13/9999;"TEXT;;;BROKEN"""""""
User 191;broken_email@@mail;000;32/13/9999;"TEXT;;;BROKEN"""""""
User 192;USER192@EXAMPLE.COM;+7 999 122 42 62;7-1-2020;"TEXT;;;BROKEN"""""""
User 193;broken_email@@mail;000;32/13/9999;"TEXT;;;BROKEN"""""""
User 194;USER194@EXAMPLE.COM;000;32/13/9999;"TEXT;;;BROKEN"""""""
User 195;broken_email@@mail;+7 999 125 45 65;32/13/9999;"TEXT;;;BROKEN"""""""
User 196;USER196@EXAMPLE.COM;000;11-5-2021;"TEXT;;;BROKEN"""""""
User 197;broken_email@@mail;000;32/13/9999;"TEXT;;;BROKEN"""""""
User 198;USER198@EXAMPLE.COM;+7 999 128 48 68;32/13/9999;"TEXT;;;BROKEN"""""""
User 199;broken_email@@mail;000;32/13/9999;"TEXT;;;BROKEN"""""""
User 200;USER200@EXAMPLE.COM;000;15-9-2022;"TEXT;;;BROKEN"""""""
User 201;broken_email@@mail;+7 999 121 41 61;32/13/9999;"TEXT;;;BROKEN"""""""
User 202;USER202@EXAMPLE.COM;000;32/13/9999;"TEXT;;;BROKEN"""""""
User 203;broken_email@@mail;000;32/13/9999;"TEXT;;;BROKEN"""""""
User 204;USER204@EXAMPLE.COM;+7 999 124 44 64;19-1-2020;"TEXT;;;BROKEN"""""""
User 205;broken_email@@mail;000;32/13/9999;"TEXT;;;BROKEN"""""""
User 206;USER206@EXAMPLE.COM;000;32/13/9999;"TEXT;;;BROKEN"""""""
User 207;broken_email@@mail;+7 999 127 47 67;32/13/9999;"TEXT;;;BROKEN"""""""
User 208;USER208@EXAMPLE.COM;000;23-5-2021;"TEXT;;;BROKEN"""""""
User 209;broken_email@@mail;000;32/13/9999;"TEXT;;;BROKEN"""""""
User 210;USER210@EXAMPLE.COM;+7 999 120 40 60;32/13/9999;"TEXT;;;BROKEN"""""""
User 211;broken_email@@mail;000;32/13/9999;"TEXT;;;BROKEN"""""""
User 212;USER212@EXAMPLE.COM;000;27-9-2022;"TEXT;;;BROKEN"""""""
User 213;broken_email@@mail;+7 999 123 43 63;32/13/9999;"TEXT;;;BROKEN"""""""
User 214;USER214@EXAMPLE.COM;000;32/13/9999;"TEXT;;;BROKEN"""""""
User 215;broken_email@@mail;000;32/13/9999;"TEXT;;;BROKEN"""""""
User 216;USER216@EXAMPLE.COM;+7 999 126 46 66;31-1-2020;"TEXT;;;BROKEN"""""""
User 217;broken_email@@mail;000;32/13/9999;"TEXT;;;BROKEN"""""""
User 218;USER218@EXAMPLE.COM;000;32/13/9999;"TEXT;;;BROKEN"""""""
User 219;broken_email@@mail;+7 999 129 49 69;32/13/9999;"TEXT;;;BROKEN"""""""
User 220;USER220@EXAMPLE.COM;000;4-5-2021;"TEXT;;;BROKEN"""""""
User 221;broken_email@@mail;000;32/13/9999;"TEXT;;;BROKEN"""""""
User 222;USER222@EXAMPLE.COM;+7 999 122 42 62;32/13/9999;"TEXT;;;BROKEN"""""""
User 223;broken_email@@mail;000;32/13/9999;"TEXT;;;BROKEN"""""""
User 224;USER224@EXAMPLE.COM;000;8-9-2022;"TEXT;;;BROKEN"""""""
User 225;broken_email@@mail;+7 999 125 45 65;32/13/9999;"TEXT;;;BROKEN"""""""
User 226;USER226@EXAMPLE.COM;000;32/13/9999;"TEXT;;;BROKEN"""""""
User 227;broken_email@@mail;000;32/13/9999;"TEXT;;;BROKEN"""""""
User 228;USER228@EXAMPLE.COM;+7 999 128 48 68;12-1-2020;"TEXT;;;BROKEN"""""""
User 229;broken_email@@mail;000;32/13/9999;"TEXT;;;BROKEN"""""""
User 230;USER230@EXAMPLE.COM;000;32/13/9999;"TEXT;;;BROKEN"""""""
User 231;broken_email@@mail;+7 999 121 41 61;32/13/9999;"TEXT;;;BROKEN"""""""
User 232;USER232@EXAMPLE.COM;000;16-5-2021;"TEXT;;;BROKEN"""""""
User 233;broken_email@@mail;000;32/13/9999;"TEXT;;;BROKEN"""""""
User 234;USER234@EXAMPLE.COM;+7 999 124 44 64;32/13/9999;"TEXT;;;BROKEN"""""""
User 235;broken_email@@mail;000;32/13/9999;"TEXT;;;BROKEN"""""""
User 236;USER236@EXAMPLE.COM;000;20-9-2022;"TEXT;;;BROKEN"""""""
User 237;broken_email@@mail;+7 999 127 47 67;32/13/9999;"TEXT;;;BROKEN"""""""
User 238;USER238@EXAMPLE.COM;000;32/13/9999;"TEXT;;;BROKEN"""""""
User 239;broken_email@@mail;000;32/13/9999;"TEXT;;;BROKEN"""""""
User 240;USER240@EXAMPLE.COM;+7 999 120 40 60;24-1-2020;"TEXT;;;BROKEN"""""""
User 241;broken_email@@mail;000;32/13/9999;"TEXT;;;BROKEN"""""""
User 242;USER242@EXAMPLE.COM;000;32/13/9999;"TEXT;;;BROKEN"""""""
User 243;broken_email@@mail;+7 999 123 43 63;32/13/9999;"TEXT;;;BROKEN"""""""
User 244;USER244@EXAMPLE.COM;000;28-5-2021;"TEXT;;;BROKEN"""""""
User 245;broken_email@@mail;000;32/13/9999;"TEXT;;;BROKEN"""""""
User 246;USER246@EXAMPLE.COM;+7 999 126 46 66;32/13/9999;"TEXT;;;BROKEN"""""""
User 247;broken_email@@mail;000;32/13/9999;"TEXT;;;BROKEN"""""""
User 248;USER248@EXAMPLE.COM;000;1-9-2022;"TEXT;;;BROKEN"""""""
User 249;broken_email@@mail;+7 999 129 49 69;32/13/9999;"TEXT;;;BROKEN"""""""
User 250;USER250@EXAMPLE.COM;000;32/13/9999;"TEXT;;;BROKEN"""""""
User 251;broken_email@@mail;000;32/13/9999;"TEXT;;;BROKEN"""""""
User 252;USER252@EXAMPLE.COM;+7 999 122 42 62;5-1-2020;"TEXT;;;BROKEN"""""""
User 253;broken_email@@mail;000;32/13/9999;"TEXT;;;BROKEN"""""""
User 254;USER254@EXAMPLE.COM;000;32/13/9999;"TEXT;;;BROKEN"""""""
User 255;broken_email@@mail;+7 999 125 45 65;32/13/9999;"TEXT;;;BROKEN"""""""
User 256;USER256@EXAMPLE.COM;000;9-5-2021;"TEXT;;;BROKEN"""""""
User 257;broken_email@@mail;000;32/13/9999;"TEXT;;;BROKEN"""""""
User 258;USER258@EXAMPLE.COM;+7 999 128 48 68;32/13/9999;"TEXT;;;BROKEN"""""""
User 259;broken_email@@mail;000;32/13/9999;"TEXT;;;BROKEN"""""""
User 260;USER260@EXAMPLE.COM;000;13-9-2022;"TEXT;;;BROKEN"""""""
User 261;broken_email@@mail;+7 999 121 41 61;32/13/9999;"TEXT;;;BROKEN"""""""
User 262;USER262@EXAMPLE.COM;000;32/13/9999;"TEXT;;;BROKEN"""""""
User 263;broken_email@@mail;000;32/13/9999;"TEXT;;;BROKEN"""""""
User 264;USER264@EXAMPLE.COM;+7 999 124 44 64;17-1-2020;"TEXT;;;BROKEN"""""""
User 265;broken_email@@mail;000;32/13/9999;"TEXT;;;BROKEN"""""""
User 266;USER266@EXAMPLE.COM;000;32/13/9999;"TEXT;;;BROKEN"""""""
User 267;broken_email@@mail;+7 999 127 47 67;32/13/9999;"TEXT;;;BROKEN"""""""
User 268;USER268@EXAMPLE.COM;000;21-5-2021;"TEXT;;;BROKEN"""""""
User 269;broken_email@@mail;000;32/13/9999;"TEXT;;;BROKEN"""""""
User 270;USER270@EXAMPLE.COM;+7 999 120 40 60;32/13/9999;"TEXT;;;BROKEN"""""""
User 271;broken_email@@mail;000;32/13/9999;"TEXT;;;BROKEN"""""""
User 272;USER272@EXAMPLE.COM;000;25-9-2022;"TEXT;;;BROKEN"""""""
User 273;broken_email@@mail;+7 999 123 43 63;32/13/9999;"TEXT;;;BROKEN"""""""
User 274;USER274@EXAMPLE.COM;000;32/13/9999;"TEXT;;;BROKEN"""""""
User 275;broken_email@@mail;000;32/13/9999;"TEXT;;;BROKEN"""""""
User 276;USER276@EXAMPLE.COM;+7 999 126 46 66;29-1-2020;"TEXT;;;BROKEN"""""""
User 277;broken_email@@mail;000;32/13/9999;"TEXT;;;BROKEN"""""""
User 278;USER278@EXAMPLE.COM;000;32/13/9999;"TEXT;;;BROKEN"""""""
User 279;broken_email@@mail;+7 999 129 49 69;32/13/9999;"TEXT;;;BROKEN"""""""
User 280;USER280@EXAMPLE.COM;000;2-5-2021;"TEXT;;;BROKEN"""""""
User 281;broken_email@@mail;000;32/13/9999;"TEXT;;;BROKEN"""""""
User 282;USER282@EXAMPLE.COM;+7 999 122 42 62;32/13/9999;"TEXT;;;BROKEN"""""""
User 283;broken_email@@mail;000;32/13/9999;"TEXT;;;BROKEN"""""""
User 284;USER284@EXAMPLE.COM;000;6-9-2022;"TEXT;;;BROKEN"""""""
User 285;broken_email@@mail;+7 999 125 45 65;32/13/9999;"TEXT;;;BROKEN"""""""
User 286;USER286@EXAMPLE.COM;000;32/13/9999;"TEXT;;;BROKEN"""""""
User 287;broken_email@@mail;000;32/13/9999;"TEXT;;;BROKEN"""""""
User 288;USER288@EXAMPLE.COM;+7 999 128 48 68;10-1-2020;"TEXT;;;BROKEN"""""""
User 289;broken_email@@mail;000;32/13/9999;"TEXT;;;BROKEN"""""""
User 290;USER290@EXAMPLE.COM;000;32/13/9999;"TEXT;;;BROKEN"""""""
User 291;broken_email@@mail;+7 999 121 41 61;32/13/9999;"TEXT;;;BROKEN"""""""
User 292;USER292@EXAMPLE.COM;000;14-5-2021;"TEXT;;;BROKEN"""""""
User 293;broken_email@@mail;000;32/13/9999;"TEXT;;;BROKEN"""""""
User 294;USER294@EXAMPLE.COM;+7 999 124 44 64;32/13/9999;"TEXT;;;BROKEN"""""""
User 295;broken_email@@mail;000;32/13/9999;"TEXT;;;BROKEN"""""""
User 296;USER296@EXAMPLE.COM;000;18-9-2022;"TEXT;;;BROKEN"""""""
User 297;broken_email@@mail;+7 999 127 47 67;32/13/9999;"TEXT;;;BROKEN"""""""
User 298;USER298@EXAMPLE.COM;000;32/13/9999;"TEXT;;;BROKEN"""""""
User 299;broken_email@@mail;000;32/13/9999;"TEXT;;;BROKEN"""""""
User 300;USER300@EXAMPLE.COM;+7 999 120 40 60;22-1-2020;"TEXT;;;BROKEN"""""""
User 301;broken_email@@mail;000;32/13/9999;"TEXT;;;BROKEN"""""""
User 302;USER302@EXAMPLE.COM;000;32/13/9999;"TEXT;;;BROKEN"""""""
User 303;broken_email@@mail;+7 999 123 43 63;32/13/9999;"TEXT;;;BROKEN"""""""
User 304;USER304@EXAMPLE.COM;000;26-5-2021;"TEXT;;;BROKEN"""""""
User 305;broken_email@@mail;000;32/13/9999;"TEXT;;;BROKEN"""""""
User 306;USER306@EXAMPLE.COM;+7 999 126 46 66;32/13/9999;"TEXT;;;BROKEN"""""""
User 307;broken_email@@mail;000;32/13/9999;"TEXT;;;BROKEN"""""""
User 308;USER308@EXAMPLE.COM;000;30-9-2022;"TEXT;;;BROKEN"""""""
User 309;broken_email@@mail;+7 999 129 49 69;32/13/9999;"TEXT;;;BROKEN"""""""
User 310;USER310@EXAMPLE.COM;000;32/13/9999;"TEXT;;;BROKEN"""""""
User 311;broken_email@@mail;000;32/13/9999;"TEXT;;;BROKEN"""""""
User 312;USER312@EXAMPLE.COM;+7 999 122 42 62;3-1-2020;"TEXT;;;BROKEN"""""""
User 313;broken_email@@mail;000;32/13/9999;"TEXT;;;BROKEN"""""""
User 314;USER314@EXAMPLE.COM;000;32/13/9999;"TEXT;;;BROKEN"""""""
User 315;broken_email@@mail;+7 999 125 45 65;32/13/9999;"TEXT;;;BROKEN"""""""
User 316;USER316@EXAMPLE.COM;000;7-5-2021;"TEXT;;;BROKEN"""""""
User 317;broken_email@@mail;000;32/13/9999;"TEXT;;;BROKEN"""""""
User 318;USER318@EXAMPLE.COM;+7 999 128 48 68;32/13/9999;"TEXT;;;BROKEN"""""""
User 319;broken_email@@mail;000;32/13/9999;"TEXT;;;BROKEN"""""""
User 320;USER320@EXAMPLE.COM;000;11-9-2022;"TEXT;;;BROKEN"""""""
User 321;broken_email@@mail;+7 999 121 41 61;32/13/9999;"TEXT;;;BROKEN"""""""
User 322;USER322@EXAMPLE.COM;000;32/13/9999;"TEXT;;;BROKEN"""""""
User 323;broken_email@@mail;000;32/13/9999;"TEXT;;;BROKEN"""""""
User 324;USER324@EXAMPLE.COM;+7 999 124 44 64;15-1-2020;"TEXT;;;BROKEN"""""""
User 325;broken_email@@mail;000;32/13/9999;"TEXT;;;BROKEN"""""""
User 326;USER326@EXAMPLE.COM;000;32/13/9999;"TEXT;;;BROKEN"""""""
User 327;broken_email@@mail;+7 999 127 47 67;32/13/9999;"TEXT;;;BROKEN"""""""
User 328;USER328@EXAMPLE.COM;000;19-5-2021;"TEXT;;;BROKEN"""""""
User 329;broken_email@@mail;000;32/13/9999;"TEXT;;;BROKEN"""""""
User 330;USER330@EXAMPLE.COM;+7 999 120 40 60;32/13/9999;"TEXT;;;BROKEN"""""""
User 331;broken_email@@mail;000;32/13/9999;"TEXT;;;BROKEN"""""""
User 332;USER332@EXAMPLE.COM;000;23-9-2022;"TEXT;;;BROKEN"""""""
User 333;broken_email@@mail;+7 999 123 43 63;32/13/9999;"TEXT;;;BROKEN"""""""
User 334;USER334@EXAMPLE.COM;000;32/13/9999;"TEXT;;;BROKEN"""""""
User 335;broken_email@@mail;000;32/13/9999;"TEXT;;;BROKEN"""""""
User 336;USER336@EXAMPLE.COM;+7 999 126 46 66;27-1-2020;"TEXT;;;BROKEN"""""""
User 337;broken_email@@mail;000;32/13/9999;"TEXT;;;BROKEN"""""""
User 338;USER338@EXAMPLE.COM;000;32/13/9999;"TEXT;;;BROKEN"""""""
User 339;broken_email@@mail;+7 999 129 49 69;32/13/9999;"TEXT;;;BROKEN"""""""
User 340;USER340@EXAMPLE.COM;000;31-5-2021;"TEXT;;;BROKEN"""""""
User 341;broken_email@@mail;000;32/13/9999;"TEXT;;;BROKEN"""""""
User 342;USER342@EXAMPLE.COM;+7 999 122 42 62;32/13/9999;"TEXT;;;BROKEN"""""""
User 343;broken_email@@mail;000;32/13/9999;"TEXT;;;BROKEN"""""""
User 344;USER344@EXAMPLE.COM;000;4-9-2022;"TEXT;;;BROKEN"""""""
User 345;broken_email@@mail;+7 999 125 45 65;32/13/9999;"TEXT;;;BROKEN"""""""
User 346;USER346@EXAMPLE.COM;000;32/13/9999;"TEXT;;;BROKEN"""""""
User 347;broken_email@@mail;000;32/13/9999;"TEXT;;;BROKEN"""""""
User 348;USER348@EXAMPLE.COM;+7 999 128 48 68;8-1-2020;"TEXT;;;BROKEN"""""""
User 349;broken_email@@mail;000;32/13/9999;"TEXT;;;BROKEN"""""""
User 350;USER350@EXAMPLE.COM;000;32/13/9999;"TEXT;;;BROKEN"""""""
User 351;broken_email@@mail;+7 999 121 41 61;32/13/9999;"TEXT;;;BROKEN"""""""
User 352;USER352@EXAMPLE.COM;000;12-5-2021;"TEXT;;;BROKEN"""""""
User 353;broken_email@@mail;000;32/13/9999;"TEXT;;;BROKEN"""""""
User 354;USER354@EXAMPLE.COM;+7 999 124 44 64;32/13/9999;"TEXT;;;BROKEN"""""""
User 355;broken_email@@mail;000;32/13/9999;"TEXT;;;BROKEN"""""""
User 356;USER356@EXAMPLE.COM;000;16-9-2022;"TEXT;;;BROKEN"""""""
User 357;broken_email@@mail;+7 999 127 47 67;32/13/9999;"TEXT;;;BROKEN"""""""
User 358;USER358@EXAMPLE.COM;000;32/13/9999;"TEXT;;;BROKEN"""""""
User 359;broken_email@@mail;000;32/13/9999;"TEXT;;;BROKEN"""""""
User 360;USER360@EXAMPLE.COM;+7 999 120 40 60;20-1-2020;"TEXT;;;BROKEN"""""""
User 361;broken_email@@mail;000;32/13/9999;"TEXT;;;BROKEN"""""""
User 362;USER362@EXAMPLE.COM;000;32/13/9999;"TEXT;;;BROKEN"""""""
User 363;broken_email@@mail;+7 999 123 43 63;32/13/9999;"TEXT;;;BROKEN"""""""
User 364;USER364@EXAMPLE.COM;000;24-5-2021;"TEXT;;;BROKEN"""""""
User 365;broken_email@@mail;000;32/13/9999;"TEXT;;;BROKEN"""""""
User 366;USER366@EXAMPLE.COM;+7 999 126 46 66;32/13/9999;"TEXT;;;BROKEN"""""""
User 367;broken_email@@mail;000;32/13/9999;"TEXT;;;BROKEN"""""""
User 368;USER368@EXAMPLE.COM;000;28-9-2022;"TEXT;;;BROKEN"""""""
User 369;broken_email@@mail;+7 999 129 49 69;32/13/9999;"TEXT;;;BROKEN"""""""
User 370;USER370@EXAMPLE.COM;000;32/13/9999;"TEXT;;;BROKEN"""""""
User 371;broken_email@@mail;000;32/13/9999;"TEXT;;;BROKEN"""""""
User 372;USER372@EXAMPLE.COM;+7 999 122 42 62;1-1-2020;"TEXT;;;BROKEN"""""""
User 373;broken_email@@mail;000;32/13/9999;"TEXT;;;BROKEN"""""""
User 374;USER374@EXAMPLE.COM;000;32/13/9999;"TEXT;;;BROKEN"""""""
User 375;broken_email@@mail;+7 999 125 45 65;32/13/9999;"TEXT;;;BROKEN"""""""
User 376;USER376@EXAMPLE.COM;000;5-5-2021;"TEXT;;;BROKEN"""""""
User 377;broken_email@@mail;000;32/13/9999;"TEXT;;;BROKEN"""""""
User 378;USER378@EXAMPLE.COM;+7 999 128 48 68;32/13/9999;"TEXT;;;BROKEN"""""""
User 379;broken_email@@mail;000;32/13/9999;"TEXT;;;BROKEN"""""""
User 380;USER380@EXAMPLE.COM;000;9-9-2022;"TEXT;;;BROKEN"""""""
User 381;broken_email@@mail;+7 999 121 41 61;32/13/9999;"TEXT;;;BROKEN"""""""
User 382;USER382@EXAMPLE.COM;000;32/13/9999;"TEXT;;;BROKEN"""""""
User 383;broken_email@@mail;000;32/13/9999;"TEXT;;;BROKEN"""""""
User 384;USER384@EXAMPLE.COM;+7 999 124 44 64;13-1-2020;"TEXT;;;BROKEN"""""""
User 385;broken_email@@mail;000;32/13/9999;"TEXT;;;BROKEN"""""""
User 386;USER386@EXAMPLE.COM;000;32/13/9999;"TEXT;;;BROKEN"""""""
User 387;broken_email@@mail;+7 999 127 47 67;32/13/9999;"TEXT;;;BROKEN"""""""
User 388;USER388@EXAMPLE.COM;000;17-5-2021;"TEXT;;;BROKEN"""""""
User 389;broken_email@@mail;000;32/13/9999;"TEXT;;;BROKEN"""""""
User 390;USER390@EXAMPLE.COM;+7 999 120 40 60;32/13/9999;"TEXT;;;BROKEN"""""""
User 391;broken_email@@mail;000;32/13/9999;"TEXT;;;BROKEN"""""""
User 392;USER392@EXAMPLE.COM;000;21-9-2022;"TEXT;;;BROKEN"""""""
User 393;broken_email@@mail;+7 999 123 43 63;32/13/9999;"TEXT;;;BROKEN"""""""
User 394;USER394@EXAMPLE.COM;000;32/13/9999;"TEXT;;;BROKEN"""""""
User 395;broken_email@@mail;000;32/13/9999;"TEXT;;;BROKEN"""""""
User 396;USER396@EXAMPLE.COM;+7 999 126 46 66;25-1-2020;"TEXT;;;BROKEN"""""""
User 397;broken_email@@mail;000;32/13/9999;"TEXT;;;BROKEN"""""""
User 398;USER398@EXAMPLE.COM;000;32/13/9999;"TEXT;;;BROKEN"""""""
User 399;broken_email@@mail;+7 999 129 49 69;32/13/9999;"TEXT;;;BROKEN"""""""
User 400;USER400@EXAMPLE.COM;000;29-5-2021;"TEXT;;;BROKEN"""""""
User 401;broken_email@@mail;000;32/13/9999;"TEXT;;;BROKEN"""""""
User 402;USER402@EXAMPLE.COM;+7 999 122 42 62;32/13/9999;"TEXT;;;BROKEN"""""""
User 403;broken_email@@mail;000;32/13/9999;"TEXT;;;BROKEN"""""""
User 404;USER404@EXAMPLE.COM;000;2-9-2022;"TEXT;;;BROKEN"""""""
User 405;broken_email@@mail;+7 999 125 45 65;32/13/9999;"TEXT;;;BROKEN"""""""
User 406;USER406@EXAMPLE.COM;000;32/13/9999;"TEXT;;;BROKEN"""""""
User 407;broken_email@@mail;000;32/13/9999;"TEXT;;;BROKEN"""""""
User 408;USER408@EXAMPLE.COM;+7 999 128 48 68;6-1-2020;"TEXT;;;BROKEN"""""""
User 409;broken_email@@mail;000;32/13/9999;"TEXT;;;BROKEN"""""""
User 410;USER410@EXAMPLE.COM;000;32/13/9999;"TEXT;;;BROKEN"""""""
User 411;broken_email@@mail;+7 999 121 41 61;32/13/9999;"TEXT;;;BROKEN"""""""
User 412;USER412@EXAMPLE.COM;000;10-5-2021;"TEXT;;;BROKEN"""""""
User 413;broken_email@@mail;000;32/13/9999;"TEXT;;;BROKEN"""""""
User 414;USER414@EXAMPLE.COM;+7 999 124 44 64;32/13/9999;"TEXT;;;BROKEN"""""""
User 415;broken_email@@mail;000;32/13/9999;"TEXT;;;BROKEN"""""""
User 416;USER416@EXAMPLE.COM;000;14-9-2022;"TEXT;;;BROKEN"""""""
User 417;broken_email@@mail;+7 999 127 47 67;32/13/9999;"TEXT;;;BROKEN"""""""
User 418;USER418@EXAMPLE.COM;000;32/13/9999;"TEXT;;;BROKEN"""""""
User 419;broken_email@@mail;000;32/13/9999;"TEXT;;;BROKEN"""""""
User 420;USER420@EXAMPLE.COM;+7 999 120 40 60;18-1-2020;"TEXT;;;BROKEN"""""""
User 421;broken_email@@mail;000;32/13/9999;"TEXT;;;BROKEN"""""""
User 422;USER422@EXAMPLE.COM;000;32/13/9999;"TEXT;;;BROKEN"""""""
User 423;broken_email@@mail;+7 999 123 43 63;32/13/9999;"TEXT;;;BROKEN"""""""
User 424;USER424@EXAMPLE.COM;000;22-5-2021;"TEXT;;;BROKEN"""""""
User 425;broken_email@@mail;000;32/13/9999;"TEXT;;;BROKEN"""""""
User 426;USER426@EXAMPLE.COM;+7 999 126 46 66;32/13/9999;"TEXT;;;BROKEN"""""""
User 427;broken_email@@mail;000;32/13/9999;"TEXT;;;BROKEN"""""""
User 428;USER428@EXAMPLE.COM;000;26-9-2022;"TEXT;;;BROKEN"""""""
User 429;broken_email@@mail;+7 999 129 49 69;32/13/9999;"TEXT;;;BROKEN"""""""
User 430;USER430@EXAMPLE.COM;000;32/13/9999;"TEXT;;;BROKEN"""""""
User 431;broken_email@@mail;000;32/13/9999;"TEXT;;;BROKEN"""""""
User 432;USER432@EXAMPLE.COM;+7 999 122 42 62;30-1-2020;"TEXT;;;BROKEN"""""""
User 433;broken_email@@mail;000;32/13/9999;"TEXT;;;BROKEN"""""""
User 434;USER434@EXAMPLE.COM;000;32/13/9999;"TEXT;;;BROKEN"""""""
User 435;broken_email@@mail;+7 999 125 45 65;32/13/9999;"TEXT;;;BROKEN"""""""
User 436;USER436@EXAMPLE.COM;000;3-5-2021;"TEXT;;;BROKEN"""""""
User 437;broken_email@@mail;000;32/13/9999;"TEXT;;;BROKEN"""""""
User 438;USER438@EXAMPLE.COM;+7 999 128 48 68;32/13/9999;"TEXT;;;BROKEN"""""""
User 439;broken_email@@mail;000;32/13/9999;"TEXT;;;BROKEN"""""""
User 440;USER440@EXAMPLE.COM;000;7-9-2022;"TEXT;;;BROKEN"""""""
User 441;broken_email@@mail;+7 999 121 41 61;32/13/9999;"TEXT;;;BROKEN"""""""
User 442;USER442@EXAMPLE.COM;000;32/13/9999;"TEXT;;;BROKEN"""""""
User 443;broken_email@@mail;000;32/13/9999;"TEXT;;;BROKEN"""""""
User 444;USER444@EXAMPLE.COM;+7 999 124 44 64;11-1-2020;"TEXT;;;BROKEN"""""""
User 445;broken_email@@mail;000;32/13/9999;"TEXT;;;BROKEN"""""""
User 446;USER446@EXAMPLE.COM;000;32/13/9999;"TEXT;;;BROKEN"""""""
User 447;broken_email@@mail;+7 999 127 47 67;32/13/9999;"TEXT;;;BROKEN"""""""
User 448;USER448@EXAMPLE.COM;000;15-5-2021;"TEXT;;;BROKEN"""""""
User 449;broken_email@@mail;000;32/13/9999;"TEXT;;;BROKEN"""""""
User 450;USER450@EXAMPLE.COM;+7 999 120 40 60;32/13/9999;"TEXT;;;BROKEN"""""""
User 451;broken_email@@mail;000;32/13/9999;"TEXT;;;BROKEN"""""""
User 452;USER452@EXAMPLE.COM;000;19-9-2022;"TEXT;;;BROKEN"""""""
User 453;broken_email@@mail;+7 999 123 43 63;32/13/9999;"TEXT;;;BROKEN"""""""
User 454;USER454@EXAMPLE.COM;000;32/13/9999;"TEXT;;;BROKEN"""""""
User 455;broken_email@@mail;000;32/13/9999;"TEXT;;;BROKEN"""""""
User 456;USER456@EXAMPLE.COM;+7 999 126 46 66;23-1-2020;"TEXT;;;BROKEN"""""""
User 457;broken_email@@mail;000;32/13/9999;"TEXT;;;BROKEN"""""""
User 458;USER458@EXAMPLE.COM;000;32/13/9999;"TEXT;;;BROKEN"""""""
User 459;broken_email@@mail;+7 999 129 49 69;32/13/9999;"TEXT;;;BROKEN"""""""
User 460;USER460@EXAMPLE.COM;000;27-5-2021;"TEXT;;;BROKEN"""""""
User 461;broken_email@@mail;000;32/13/9999;"TEXT;;;BROKEN"""""""
User 462;USER462@EXAMPLE.COM;+7 999 122 42 62;32/13/9999;"TEXT;;;BROKEN"""""""
User 463;broken_email@@mail;000;32/13/9999;"TEXT;;;BROKEN"""""""
User 464;USER464@EXAMPLE.COM;000;31-9-2022;"TEXT;;;BROKEN"""""""
User 465;broken_email@@mail;+7 999 125 45 65;32/13/9999;"TEXT;;;BROKEN"""""""
User 466;USER466@EXAMPLE.COM;000;32/13/9999;"TEXT;;;BROKEN"""""""
User 467;broken_email@@mail;000;32/13/9999;"TEXT;;;BROKEN"""""""
User 468;USER468@EXAMPLE.COM;+7 999 128 48 68;4-1-2020;"TEXT;;;BROKEN"""""""
User 469;broken_email@@mail;000;32/13/9999;"TEXT;;;BROKEN"""""""
User 470;USER470@EXAMPLE.COM;000;32/13/9999;"TEXT;;;BROKEN"""""""
User 471;broken_email@@mail;+7 999 121 41 61;32/13/9999;"TEXT;;;BROKEN"""""""
User 472;USER472@EXAMPLE.COM;000;8-5-2021;"TEXT;;;BROKEN"""""""
User 473;broken_email@@mail;000;32/13/9999;"TEXT;;;BROKEN"""""""
User 474;USER474@EXAMPLE.COM;+7 999 124 44 64;32/13/9999;"TEXT;;;BROKEN"""""""
User 475;broken_email@@mail;000;32/13/9999;"TEXT;;;BROKEN"""""""
User 476;USER476@EXAMPLE.COM;000;12-9-2022;"TEXT;;;BROKEN"""""""
User 477;broken_email@@mail;+7 999 127 47 67;32/13/9999;"TEXT;;;BROKEN"""""""
User 478;USER478@EXAMPLE.COM;000;32/13/9999;"TEXT;;;BROKEN"""""""
User 479;broken_email@@mail;000;32/13/9999;"TEXT;;;BROKEN"""""""
User 480;USER480@EXAMPLE.COM;+7 999 120 40 60;16-1-2020;"TEXT;;;BROKEN"""""""
User 481;broken_email@@mail;000;32/13/9999;"TEXT;;;BROKEN"""""""
User 482;USER482@EXAMPLE.COM;000;32/13/9999;"TEXT;;;BROKEN"""""""
User 483;broken_email@@mail;+7 999 123 43 63;32/13/9999;"TEXT;;;BROKEN"""""""
User 484;USER484@EXAMPLE.COM;000;20-5-2021;"TEXT;;;BROKEN"""""""
User 485;broken_email@@mail;000;32/13/9999;"TEXT;;;BROKEN"""""""
User 486;USER486@EXAMPLE.COM;+7 999 126 46 66;32/13/9999;"TEXT;;;BROKEN"""""""
User 487;broken_email@@mail;000;32/13/9999;"TEXT;;;BROKEN"""""""
User 488;USER488@EXAMPLE.COM;000;24-9-2022;"TEXT;;;BROKEN"""""""
User 489;broken_email@@mail;+7 999 129 49 69;32/13/9999;"TEXT;;;BROKEN"""""""
User 490;USER490@EXAMPLE.COM;000;32/13/9999;"TEXT;;;BROKEN"""""""
User 491;broken_email@@mail;000;32/13/9999;"TEXT;;;BROKEN"""""""
User 492;USER492@EXAMPLE.COM;+7 999 122 42 62;28-1-2020;"TEXT;;;BROKEN"""""""
User 493;broken_email@@mail;000;32/13/9999;"TEXT;;;BROKEN"""""""
User 494;USER494@EXAMPLE.COM;000;32/13/9999;"TEXT;;;BROKEN"""""""
User 495;broken_email@@mail;+7 999 125 45 65;32/13/9999;"TEXT;;;BROKEN"""""""
User 496;USER496@EXAMPLE.COM;000;1-5-2021;"TEXT;;;BROKEN"""""""
User 497;broken_email@@mail;000;32/13/9999;"TEXT;;;BROKEN"""""""
User 498;USER498@EXAMPLE.COM;+7 999 128 48 68;32/13/9999;"TEXT;;;BROKEN"""""""
User 499;broken_email@@mail;000;32/13/9999;"TEXT;;;BROKEN"""""""
